t_wall,j1_deg,j2_deg,j3_deg,j4_deg,j5_deg,j6_deg,motion_state,rtcore_state_name,queue_depth,current_point_index,trajectory_id
1774136358.309353,0.52,5.69,-3.8,-1.39,2.99,10.45,idle,idle,0,,0
1774136358.340532,0.52,5.69,-3.8,-1.39,2.99,10.45,idle,idle,0,,0
1774136358.3680332,0.52,5.69,-3.8,-1.39,2.99,10.45,idle,idle,0,,0
1774136358.3964555,0.52,5.69,-3.8,-1.39,2.99,10.45,idle,idle,0,,0
1774136358.4249384,0.52,5.69,-3.8,-1.39,2.99,10.45,idle,idle,0,,0
1774136358.4521246,0.52,5.69,-3.8,-1.39,2.99,10.45,idle,idle,0,,0
1774136358.4823227,0.52,5.69,-3.8,-1.39,2.99,10.45,idle,idle,0,,0
1774136358.5127897,0.52,5.69,-3.8,-1.39,2.99,10.45,idle,idle,0,,0
1774136358.5399513,0.52,5.69,-3.8,-1.39,2.99,10.45,idle,idle,0,,0
1774136358.5682714,,,,,,,executing,executing,392,9,1
1774136359.2374873,0.52,5.69,-3.8,-1.39,2.99,10.45,executing,executing,392,9,1
1774136359.2915356,0.52,5.69,-3.8,-1.39,2.99,10.45,executing,executing,382,19,1
1774136359.3422139,0.52,5.69,-3.8,-1.39,2.99,10.45,executing,executing,382,19,1
1774136359.412797,0.52,5.69,-3.8,-1.39,2.99,10.45,executing,executing,372,29,1
1774136359.4623864,0.52,5.69,-3.8,-1.39,2.99,10.45,executing,executing,372,29,1
1774136359.5223496,0.52,5.69,-3.8,-1.39,2.99,10.45,executing,executing,362,39,1
1774136359.5694244,0.52,5.69,-3.8,-1.39,2.99,10.45,executing,executing,362,39,1
1774136359.6164012,0.52,5.69,-3.8,-1.39,2.99,10.45,executing,executing,352,49,1
1774136359.669098,0.52,5.69,-3.8,-1.39,2.99,10.45,executing,executing,352,49,1
1774136359.7079866,0.52,5.69,-3.82,-1.39,2.99,10.45,executing,executing,341,60,1
1774136359.737789,0.52,5.69,-3.82,-1.39,2.99,10.45,executing,executing,341,60,1
1774136359.7711673,0.52,5.69,-3.82,-1.39,2.99,10.45,executing,executing,341,60,1
1774136359.8012216,0.52,5.69,-3.82,-1.39,2.99,10.45,executing,executing,331,70,1
1774136359.833695,0.52,5.7,-3.82,-1.39,2.99,10.45,executing,executing,331,70,1
1774136359.8637428,0.52,5.7,-3.82,-1.39,2.99,10.45,executing,executing,331,70,1
1774136359.8925562,0.52,5.7,-3.82,-1.39,2.99,10.45,executing,executing,331,70,1
1774136359.9231265,0.52,5.7,-3.82,-1.39,2.99,10.45,executing,executing,321,80,1
1774136359.9543998,0.52,5.7,-3.82,-1.39,2.99,10.45,executing,executing,321,80,1
1774136359.9829426,0.52,5.7,-3.82,-1.39,2.99,10.45,executing,executing,321,80,1
1774136360.0111408,0.52,5.71,-3.82,-1.39,2.99,10.45,executing,executing,311,90,1
1774136360.0388534,0.52,5.71,-3.82,-1.39,2.99,10.45,executing,executing,311,90,1
1774136360.065566,0.52,5.71,-3.82,-1.39,2.99,10.45,executing,executing,311,90,1
1774136360.0917907,0.52,5.71,-3.82,-1.39,2.99,10.45,executing,executing,311,90,1
1774136360.1192713,0.52,5.71,-3.82,-1.39,2.99,10.45,executing,executing,301,100,1
1774136360.1465178,0.52,5.71,-3.82,-1.39,2.99,10.45,executing,executing,301,100,1
1774136360.1754346,0.52,5.71,-3.82,-1.39,2.99,10.45,executing,executing,301,100,1
1774136360.202326,0.52,5.71,-3.82,-1.39,2.99,10.45,executing,executing,291,110,1
1774136360.2312622,0.52,5.72,-3.83,-1.39,2.99,10.45,executing,executing,291,110,1
1774136360.2633176,0.52,5.72,-3.83,-1.39,2.99,10.45,executing,executing,291,110,1
1774136360.2918017,0.52,5.72,-3.83,-1.39,2.99,10.45,executing,executing,291,110,1
1774136360.3244119,0.52,5.72,-3.84,-1.39,2.99,10.45,executing,executing,281,120,1
1774136360.3553817,0.52,5.72,-3.84,-1.39,2.99,10.45,executing,executing,281,120,1
1774136360.3844068,0.52,5.72,-3.84,-1.39,2.99,10.45,executing,executing,281,120,1
1774136360.4133794,0.52,5.73,-3.84,-1.39,2.99,10.45,executing,executing,271,130,1
1774136360.4398372,0.52,5.73,-3.84,-1.39,2.99,10.45,executing,executing,271,130,1
1774136360.4670978,0.52,5.73,-3.84,-1.39,2.99,10.45,executing,executing,271,130,1
1774136360.4968965,0.52,5.73,-3.84,-1.39,2.99,10.45,executing,executing,271,130,1
1774136360.5265217,0.52,5.74,-3.85,-1.39,2.99,10.45,executing,executing,261,140,1
1774136360.5538135,0.52,5.74,-3.85,-1.39,2.99,10.45,executing,executing,261,140,1
1774136360.5815055,0.52,5.74,-3.85,-1.39,2.99,10.45,executing,executing,261,140,1
1774136360.6099782,0.52,5.74,-3.86,-1.39,2.99,10.45,executing,executing,251,150,1
1774136360.6368656,0.52,5.74,-3.86,-1.39,2.99,10.45,executing,executing,251,150,1
1774136360.6668432,0.52,5.74,-3.86,-1.39,2.99,10.45,executing,executing,251,150,1
1774136360.6954155,0.52,5.74,-3.86,-1.39,2.99,10.45,executing,executing,251,150,1
1774136360.7299626,0.52,5.75,-3.87,-1.39,2.99,10.45,executing,executing,241,160,1
1774136360.760789,0.52,5.75,-3.87,-1.39,2.99,10.45,executing,executing,241,160,1
1774136360.7870734,0.52,5.75,-3.87,-1.39,2.99,10.45,executing,executing,241,160,1
1774136360.816862,0.52,5.76,-3.88,-1.39,2.99,10.45,executing,executing,231,170,1
1774136360.8519785,0.52,5.76,-3.88,-1.39,2.99,10.45,executing,executing,231,170,1
1774136360.8911672,0.52,5.76,-3.88,-1.39,2.99,10.45,executing,executing,231,170,1
1774136360.9236467,0.52,5.77,-3.89,-1.39,2.99,10.45,executing,executing,221,180,1
1774136360.9502234,0.52,5.77,-3.89,-1.39,2.99,10.45,executing,executing,221,180,1
1774136360.9780865,0.52,5.77,-3.89,-1.39,2.99,10.45,executing,executing,221,180,1
1774136361.0047927,0.52,5.77,-3.89,-1.39,2.99,10.45,executing,executing,211,190,1
1774136361.0322773,0.52,5.78,-3.89,-1.39,3.0,10.45,executing,executing,211,190,1
1774136361.0628607,0.52,5.78,-3.89,-1.39,3.0,10.45,executing,executing,211,190,1
1774136361.0958529,0.52,5.78,-3.89,-1.39,3.0,10.45,executing,executing,211,190,1
1774136361.1243386,0.52,5.79,-3.91,-1.39,3.0,10.45,executing,executing,201,200,1
1774136361.1521723,0.52,5.79,-3.91,-1.39,3.0,10.45,executing,executing,201,200,1
1774136361.178807,0.52,5.79,-3.91,-1.39,3.0,10.45,executing,executing,201,200,1
1774136361.2078288,0.52,5.79,-3.91,-1.39,3.0,10.45,executing,executing,191,210,1
1774136361.236163,0.52,5.79,-3.92,-1.39,3.0,10.45,executing,executing,191,210,1
1774136361.26436,0.52,5.79,-3.92,-1.39,3.0,10.45,executing,executing,191,210,1
1774136361.2927842,0.52,5.79,-3.92,-1.39,3.0,10.45,executing,executing,191,210,1
1774136361.326352,0.52,5.81,-3.93,-1.39,3.0,10.45,executing,executing,181,220,1
1774136361.355051,0.52,5.81,-3.93,-1.39,3.0,10.45,executing,executing,181,220,1
1774136361.383978,0.52,5.81,-3.93,-1.39,3.0,10.45,executing,executing,181,220,1
1774136361.4106514,0.52,5.81,-3.94,-1.39,3.0,10.45,executing,executing,171,230,1
1774136361.438531,0.52,5.81,-3.94,-1.39,3.0,10.45,executing,executing,171,230,1
1774136361.4739385,0.52,5.81,-3.94,-1.39,3.0,10.45,executing,executing,171,230,1
1774136361.513771,0.52,5.82,-3.95,-1.39,3.0,10.45,executing,executing,161,240,1
1774136361.5578966,0.52,5.82,-3.95,-1.39,3.0,10.45,executing,executing,161,240,1
1774136361.5862212,0.52,5.82,-3.95,-1.39,3.0,10.45,executing,executing,161,240,1
1774136361.618898,0.52,5.83,-3.95,-1.39,3.0,10.45,executing,executing,151,250,1
1774136361.654183,0.52,5.83,-3.95,-1.39,3.0,10.45,executing,executing,151,250,1
1774136361.6907613,0.52,5.83,-3.95,-1.39,3.0,10.45,executing,executing,151,250,1
1774136361.722754,0.52,5.84,-3.96,-1.39,3.0,10.45,executing,executing,141,260,1
1774136361.7550867,0.52,5.84,-3.96,-1.39,3.0,10.45,executing,executing,141,260,1
1774136361.7857163,0.52,5.84,-3.96,-1.39,3.0,10.45,executing,executing,141,260,1
1774136361.8136091,0.52,5.84,-3.97,-1.39,3.0,10.45,executing,executing,131,270,1
1774136361.8397334,0.52,5.84,-3.97,-1.39,3.0,10.45,executing,executing,131,270,1
1774136361.8653696,0.52,5.84,-3.97,-1.39,3.0,10.45,executing,executing,131,270,1
1774136361.8939474,0.52,5.84,-3.97,-1.39,3.0,10.45,executing,executing,131,270,1
1774136361.9228964,0.52,5.85,-3.98,-1.39,3.0,10.45,executing,executing,121,280,1
1774136361.9515686,0.52,5.85,-3.98,-1.39,3.0,10.45,executing,executing,121,280,1
1774136361.9771595,0.52,5.85,-3.98,-1.39,3.0,10.45,executing,executing,121,280,1
1774136362.0043392,0.52,5.85,-3.98,-1.39,3.0,10.45,executing,executing,121,280,1
1774136362.033306,0.52,5.85,-3.98,-1.39,3.0,10.45,executing,executing,111,290,1
1774136362.0627239,0.52,5.85,-3.98,-1.39,3.0,10.45,executing,executing,111,290,1
1774136362.0894558,0.52,5.85,-3.98,-1.39,3.0,10.45,executing,executing,111,290,1
1774136362.119782,0.52,5.86,-3.99,-1.39,3.0,10.45,executing,executing,101,300,1
1774136362.1470964,0.52,5.86,-3.99,-1.39,3.0,10.45,executing,executing,101,300,1
1774136362.175225,0.52,5.86,-3.99,-1.39,3.0,10.45,executing,executing,101,300,1
1774136362.202718,0.52,5.86,-3.99,-1.39,3.0,10.45,executing,executing,101,300,1
1774136362.233851,0.52,5.87,-3.99,-1.39,3.0,10.45,executing,executing,91,310,1
1774136362.2605503,0.52,5.87,-3.99,-1.39,3.0,10.45,executing,executing,91,310,1
1774136362.299589,0.52,5.87,-3.99,-1.39,3.0,10.45,executing,executing,91,310,1
1774136362.3286846,0.52,5.87,-4.0,-1.39,3.0,10.45,executing,executing,81,320,1
1774136362.3562331,0.52,5.87,-4.0,-1.39,3.0,10.45,executing,executing,81,320,1
1774136362.3823624,0.52,5.87,-4.0,-1.39,3.0,10.45,executing,executing,81,320,1
1774136362.4099593,0.52,5.87,-4.0,-1.39,3.0,10.45,executing,executing,71,330,1
1774136362.436238,0.52,5.87,-4.0,-1.39,3.01,10.45,executing,executing,71,330,1
1774136362.463043,0.52,5.87,-4.0,-1.39,3.01,10.45,executing,executing,71,330,1
1774136362.5118454,0.52,5.88,-4.01,-1.39,3.01,10.45,executing,executing,61,340,1
1774136362.5588381,0.52,5.88,-4.01,-1.39,3.01,10.45,executing,executing,61,340,1
1774136362.5890334,0.52,5.88,-4.01,-1.39,3.01,10.45,executing,executing,61,340,1
1774136362.6163502,0.52,5.88,-4.01,-1.39,3.01,10.45,executing,executing,51,350,1
1774136362.6464472,0.52,5.88,-4.01,-1.39,3.01,10.45,executing,executing,51,350,1
1774136362.6765668,0.52,5.88,-4.01,-1.39,3.01,10.45,executing,executing,51,350,1
1774136362.7029827,0.52,5.88,-4.01,-1.39,3.01,10.45,executing,executing,51,350,1
1774136362.733591,0.52,5.88,-4.01,-1.39,3.01,10.45,executing,executing,41,360,1
1774136362.7634706,0.52,5.88,-4.01,-1.39,3.01,10.45,executing,executing,41,360,1
1774136362.7901242,0.52,5.88,-4.01,-1.39,3.01,10.45,executing,executing,41,360,1
1774136362.8162925,0.52,5.88,-4.01,-1.39,3.01,10.45,executing,executing,31,370,1
1774136362.8434749,0.52,5.88,-4.01,-1.39,3.01,10.45,executing,executing,31,370,1
1774136362.8695116,0.52,5.88,-4.01,-1.39,3.01,10.45,executing,executing,31,370,1
1774136362.8991706,0.52,5.88,-4.01,-1.39,3.01,10.45,executing,executing,31,370,1
1774136362.9340937,0.52,5.88,-4.01,-1.39,3.01,10.45,executing,executing,21,380,1
1774136362.9676821,0.52,5.88,-4.01,-1.39,3.01,10.45,executing,executing,21,380,1
1774136362.9986045,0.52,5.88,-4.01,-1.39,3.01,10.45,executing,executing,21,380,1
1774136363.03584,0.52,5.88,-4.02,-1.39,3.01,10.45,executing,executing,11,390,1
1774136363.0700526,0.52,5.88,-4.02,-1.39,3.01,10.45,executing,executing,11,390,1
1774136363.1020236,0.52,5.88,-4.02,-1.39,3.01,10.45,executing,executing,11,390,1
1774136363.1291409,0.52,5.89,-4.02,-1.39,3.01,10.45,executing,executing,1,400,1
1774136363.174187,0.52,5.89,-4.02,-1.39,3.01,10.45,executing,executing,1,400,1
1774136363.214105,0.52,5.89,-4.02,-1.39,3.01,10.45,completed,completed,0,401,1
1774136363.2425103,0.52,5.89,-4.02,-1.39,3.01,10.45,completed,completed,0,401,1
1774136363.2700086,0.52,5.89,-4.02,-1.39,3.01,10.45,completed,completed,0,401,1
1774136363.2963467,0.52,5.89,-4.02,-1.39,3.01,10.45,completed,completed,0,401,1
1774136363.3228388,0.52,5.89,-4.02,-1.39,3.01,10.45,completed,completed,0,401,1
1774136363.3510976,0.52,5.89,-4.02,-1.39,3.01,10.45,completed,completed,0,401,1
1774136363.3771343,0.52,5.89,-4.02,-1.39,3.01,10.45,completed,completed,0,401,1
1774136363.4036596,0.52,5.89,-4.02,-1.39,3.01,10.45,completed,completed,0,401,1
1774136363.4307897,0.52,5.89,-4.02,-1.39,3.01,10.45,completed,completed,0,401,1
1774136363.4585183,0.52,5.89,-4.02,-1.39,3.01,10.45,completed,completed,0,401,1
1774136363.4857316,0.52,5.89,-4.02,-1.39,3.01,10.45,completed,completed,0,401,1
1774136363.5130587,0.52,5.89,-4.02,-1.39,3.01,10.45,completed,completed,0,401,1
1774136363.5420713,0.52,5.89,-4.02,-1.39,3.01,10.45,completed,completed,0,401,1
1774136363.568678,0.52,5.89,-4.02,-1.39,3.01,10.45,completed,completed,0,401,1
1774136363.596044,0.52,5.89,-4.02,-1.39,3.01,10.45,completed,completed,0,401,1
1774136363.62405,0.52,5.89,-4.02,-1.39,3.01,10.45,completed,completed,0,401,1
1774136363.6508036,0.52,5.89,-4.02,-1.39,3.01,10.45,completed,completed,0,401,1
1774136363.6804996,0.52,5.89,-4.02,-1.39,3.01,10.45,completed,completed,0,401,1
1774136363.708354,0.52,5.89,-4.02,-1.39,3.01,10.45,completed,completed,0,401,1
